month,category,mentions
2022-07,construction_tools,1
2022-11,medical,2
2023-03,comms_ew,7
2023-03,construction_tools,4
2023-03,field_comfort,3
2023-03,hygiene_supplies,1
2023-03,medical,3
2023-03,other,1
2023-03,tactical_wear,12
2023-03,thermal_optics,1
2023-04,comms_ew,4
2023-04,construction_tools,4
2023-04,field_comfort,8
2023-04,hygiene_supplies,8
2023-04,lighting,4
2023-04,nutrition_rations,4
2023-04,other,4
2023-04,power_energy,4
2023-04,tactical_wear,8
2023-05,body_armor,2
2023-05,comms_ew,10
2023-05,construction_tools,3
2023-05,field_comfort,11
2023-05,fpv_drone,2
2023-05,hygiene_supplies,10
2023-05,lighting,6
2023-05,night_vision,2
2023-05,other,4
2023-05,power_energy,10
2023-05,tactical_wear,9
2023-06,body_armor,1
2023-06,comms_ew,9
2023-06,construction_tools,11
2023-06,field_comfort,14
2023-06,fpv_drone,1
2023-06,hygiene_supplies,14
2023-06,lighting,9
2023-06,night_vision,9
2023-06,other,2
2023-06,power_energy,1
2023-06,tactical_wear,2
2023-07,construction_tools,9
2023-07,field_comfort,9
2023-07,hygiene_supplies,9
2023-07,other,9
2023-07,tactical_wear,9
2023-08,camo_netting,7
2023-08,construction_tools,8
2023-08,field_comfort,2
2023-08,hygiene_supplies,2
2023-08,other,4
2023-08,tactical_wear,1
2023-09,body_armor,6
2023-09,camo_netting,17
2023-09,comms_ew,17
2023-09,construction_tools,19
2023-09,field_comfort,5
2023-09,hygiene_supplies,4
2023-09,lighting,5
2023-09,nutrition_rations,1
2023-09,other,10
2023-09,tactical_wear,28
2023-09,thermal_optics,5
2023-10,body_armor,20
2023-10,field_comfort,5
2023-10,hygiene_supplies,5
2023-10,lighting,14
2023-10,medical,3
2023-10,other,19
2023-10,tactical_wear,34
2023-10,thermal_optics,14
2023-11,construction_tools,2
2023-11,field_comfort,16
2023-11,hygiene_supplies,8
2023-11,medical,3
2023-11,night_vision,3
2023-11,nutrition_rations,8
2023-11,other,8
2023-11,tactical_wear,8
2023-12,construction_tools,5
2023-12,field_comfort,24
2023-12,hygiene_supplies,7
2023-12,nutrition_rations,2
2023-12,other,22
2023-12,tactical_wear,2
2024-01,camo_netting,6
2024-01,field_comfort,12
2024-01,other,12
2024-01,tactical_wear,6
2024-02,anti_drone_gear,22
2024-02,camo_netting,5
2024-02,field_comfort,28
2024-02,hygiene_supplies,23
2024-02,lighting,23
2024-02,tactical_wear,5
2024-03,comms_ew,18
2024-03,construction_tools,18
2024-03,field_comfort,21
2024-03,hygiene_supplies,21
2024-03,lighting,21
2024-03,other,18
2024-04,medical,12
2024-04,tactical_wear,23
2024-05,field_comfort,1
2024-05,hygiene_supplies,1
2024-05,lighting,11
2024-05,medical,4
2024-05,other,19
2024-05,power_energy,19
2024-05,tactical_wear,25
2024-06,construction_tools,23
2024-06,other,23
2024-06,tactical_wear,23
2024-07,construction_tools,28
2024-07,field_comfort,6
2024-07,hygiene_supplies,6
2024-07,tactical_wear,34
2024-08,camo_netting,26
2024-08,construction_tools,26
2024-08,field_comfort,31
2024-08,hygiene_supplies,31
2024-08,lighting,16
2024-08,medical,16
2024-08,other,18
2024-08,power_energy,16
2024-08,tactical_wear,31
2024-09,camo_netting,5
2024-09,construction_tools,5
2024-09,field_comfort,25
2024-09,fpv_drone,1
2024-09,hygiene_supplies,23
2024-09,lighting,22
2024-09,medical,35
2024-09,other,6
2024-09,power_energy,22
2024-09,tactical_wear,24
2024-10,camo_netting,1
2024-10,combat_helmet,1
2024-10,construction_tools,6
2024-10,field_comfort,13
2024-10,fpv_drone,2
2024-10,hygiene_supplies,1
2024-10,medical,18
2024-10,other,13
2024-10,tactical_wear,13
2024-11,combat_helmet,1
2024-11,construction_tools,7
2024-11,field_comfort,32
2024-11,fpv_drone,1
2024-11,lighting,2
2024-11,other,15
2024-11,power_energy,19
2024-11,tactical_wear,30
2024-12,construction_tools,1
2024-12,field_comfort,27
2024-12,fpv_drone,1
2024-12,other,1
2024-12,power_energy,27
2024-12,tactical_wear,28
2025-01,anti_drone_gear,11
2025-01,camo_netting,1
2025-01,comms_ew,11
2025-01,construction_tools,2
2025-01,field_comfort,1
2025-01,hygiene_supplies,1
2025-01,medical,1
2025-01,nutrition_rations,1
2025-01,other,17
2025-01,power_energy,2
2025-01,tactical_wear,1
2025-01,uncertain,1
2025-02,combat_helmet,1
2025-02,construction_tools,5
2025-02,fpv_drone,1
2025-02,medical,1
2025-02,nutrition_rations,1
2025-02,other,14
2025-02,tactical_wear,1
2025-03,construction_tools,22
2025-03,field_comfort,20
2025-03,fpv_drone,1
2025-03,hygiene_supplies,21
2025-03,other,5
2025-03,power_energy,1
2025-04,construction_tools,4
2025-04,field_comfort,3
2025-04,fpv_drone,1
2025-04,hygiene_supplies,3
2025-04,other,4
2025-04,power_energy,27
2025-05,construction_tools,22
2025-05,field_comfort,48
2025-05,fpv_drone,4
2025-05,hygiene_supplies,43
2025-05,medical,23
2025-05,other,1
2025-05,power_energy,3
2025-06,construction_tools,32
2025-06,field_comfort,53
2025-06,hygiene_supplies,25
2025-06,medical,34
2025-06,other,18
2025-06,power_energy,2
2025-06,tactical_wear,1
2025-07,comms_ew,17
2025-07,construction_tools,38
2025-07,field_comfort,52
2025-07,hygiene_supplies,36
2025-07,medical,31
2025-07,nutrition_rations,17
2025-07,other,5
2025-07,power_energy,17
2025-08,anti_drone_gear,2
2025-08,comms_ew,28
2025-08,construction_tools,14
2025-08,field_comfort,16
2025-08,hygiene_supplies,16
2025-08,medical,14
2025-08,nutrition_rations,14
2025-08,other,18
2025-08,power_energy,31
2025-09,comms_ew,18
2025-09,construction_tools,5
2025-09,field_comfort,2
2025-09,other,24
2025-09,power_energy,19
2025-10,comms_ew,14
2025-10,construction_tools,6
2025-10,field_comfort,2
2025-10,fpv_drone,2
2025-10,other,13
2025-10,power_energy,1
2025-11,anti_drone_gear,7
2025-11,construction_tools,3
2025-11,field_comfort,10
2025-11,lighting,1
2025-11,nutrition_rations,1
2025-11,other,9
2025-11,power_energy,1
2025-11,tactical_wear,1
2025-12,anti_drone_gear,2
2025-12,comms_ew,1
2025-12,construction_tools,3
2025-12,field_comfort,38
2025-12,fpv_drone,1
2025-12,hygiene_supplies,1
2025-12,lighting,1
2025-12,medical,2
2025-12,nutrition_rations,1
2025-12,other,10
2025-12,power_energy,1
2026-01,anti_drone_gear,1
2026-01,construction_tools,5
2026-01,field_comfort,12
2026-01,fpv_drone,2
2026-01,hygiene_supplies,4
2026-01,medical,6
2026-01,nutrition_rations,1
2026-01,other,16
2026-01,tactical_wear,6
2026-02,anti_drone_gear,2
2026-02,construction_tools,1
2026-02,field_comfort,22
2026-02,hygiene_supplies,21
2026-02,medical,2
2026-02,other,10
2026-03,comms_ew,4
2026-03,hygiene_supplies,1
2026-03,lighting,5
2026-03,medical,1
2026-03,nutrition_rations,1
2026-03,other,21
2026-03,power_energy,14
2026-04,comms_ew,1
2026-04,field_comfort,1
2026-04,fpv_drone,1
2026-04,lighting,7
2026-04,medical,1
2026-04,nutrition_rations,1
2026-04,other,7
2026-04,power_energy,16
2026-04,uncertain,1
2026-05,construction_tools,3
2026-05,lighting,10
2026-05,other,20
2026-05,tactical_wear,10
2026-06,comms_ew,1
2026-06,construction_tools,6
2026-06,lighting,1
2026-06,medical,5
2026-06,nutrition_rations,2
2026-06,other,24
2026-06,power_energy,3
2026-07,comms_ew,10
2026-07,construction_tools,1
2026-07,medical,2
2026-07,other,5
